id,科目,章,問題種別,年度,問題番号,問題文,論点
1,生保2,1,所見,2018,問題3（1）,"（１）日本における生命保険会計について、以下の①、②の各問に答えなさい。
① 生命保険会計の意義および特徴について簡潔に説明しなさい。（８点）
② 生命保険会計に関してアクチュアリーとして果たすべき役割について、次の論点を踏まえ所見を述べなさい。（１７点）
・現行会計下における、企業活動実態（期間損益）を把握するための管理会計（価値基準会計（潜在価値会計）等）の必要性
・生命保険会社のグローバル展開が進む中、国際的に統一された会計基準を導入する意義および導入における留意点
※特定の会計制度（例えば、ＩＦＲＳ第１７号「保険契約」
）の詳細な内容に触れる必要はない。","【頻出テーマ：法定会計と内部管理会計｜2018・2019・2022・2025】
★同テーマで毎回書く
- 契約者保護と経営管理で会計目的を区別
- 会計利益・将来価値・資本・流動性を併用
【今回の出題軸】
- 法定会計の目的である契約者保護・債務履行能力の確保と、経営管理に必要な期間損益・企業価値の把握を区別する。
- 管理会計や経済価値指標を「法定会計の代替」ではなく「補完」と位置付ける。
【必答論点】
- 生命保険契約は長期であり、保険料収入と保険金支払の時点が大きく離れる。責任準備金評価には将来見積りが不可欠で、一般企業以上に保守性・継続性・保険数理が重要となる。
- 現行法定会計は支払能力確保を重視し、契約時基礎率を用いるロックイン評価や新契約費の早期認識により、経済実態や新契約の将来収益性が単年度損益に直ちに表れない。
- 利源分析、商品・チャネル別収支、将来収支、EV・新契約価値等を併用し、収益性、資本効率、成長投資の妥当性を把握する。
- 管理指標は前提やモデルに依存するため、実績差異分析、感応度分析、独立検証、文書化を行い、確定値のように扱わない。
【差がつく論点】
- EVが増えても短期の資金繰りや法定健全性が十分とは限らないため、価値・利益・資本・流動性を同時に見る。"
2,生保2,1,所見,2018,問題3（2）,"（２）生命保険会社におけるソルベンシーの適切な評価について、以下の①、②の各問に答えなさい。
① 静的なソルベンシーの検証、および動的なソルベンシーの検証について、それぞれ簡潔に説明しなさい。（４点）
② 生命保険会社をとりまく環境の変化・リスクの多様化が進む今日の状況を踏まえ、現行の会計制度、法規制等を前提としつつ、ソルベンシーの適切な評価を行う際に留意すべき点について、次の論点を踏まえ所見を述べなさい。ただし、ソルベンシー・マージン比率の計算方法に触れる必要はない。
（２１点）
・ソルベンシー評価の意義
・適切な責任準備金評価
・通常の予測の範囲を超えたリスクへの財務上の備え
・統合的リスク管理（ＥＲＭ）
・生命保険会社のグローバル展開","【頻出テーマ：ソルベンシー評価・ERM｜2018・2020〜2022・2025】
★同テーマで毎回書く
- 責任準備金と自己資本の二層で説明
- 静的指標・動的検証・ストレスを組み合わせる
【今回の出題軸】
- 「通常予測可能なリスクは責任準備金、通常予測を超えるリスクは広義の自己資本」という二層構造を中心に据える。
- 一時点の規制指標だけでなく、将来収支・ストレス・経済価値・流動性を組み合わせる。
【静的検証と動的検証】
- 静的検証は、一時点の資産・負債、リスク量、自己資本をフォーミュラ等で比較する。客観性・比較可能性・検証可能性に優れるが、個社性や将来の経営行動を十分に反映しにくい。
- 動的検証は、将来キャッシュフローに経営政策、資産運用、ALM、配当、再保険等を織り込み、複数シナリオで将来の健全性を検証する。個社性・将来性を反映できる一方、モデル・前提の恣意性と実務負荷がある。
【必答論点】
- ソルベンシーの目的は、長期にわたり保険契約上の債務を履行し、契約者保護と事業継続を確保すること。
- 責任準備金は負債の中心であり、死亡率・発生率・解約率・予定利率等を商品特性に応じて保守的かつ適切に設定する。
- ロックイン責任準備金だけでは環境悪化を十分反映できないため、将来収支分析、追加責任準備金、第三分野ストレステスト等で補完する。
- 通常予測を超える市場・保険・信用・流動性・オペレーショナルリスクには、危険準備金、価格変動準備金、自己資本、再保険・ヘッジ等で備える。
【差がつく論点】
- 指標を満たすこと自体が目的ではなく、悪化要因を説明し、資本・商品・ALM・再保険等の具体的行動に落とすことが重要。"
3,生保2,1,所見,2019,問題3（1）,"（１）
・（２）ともに４枚以内）。必ず指定枚数以内の解答にとどめること。］各２５点 （計５０点）
（１）契約者（社員）配当について、以下の①～③の各問に答えなさい。
①   契約者配当の分配の際に考慮すべき原則を簡潔に４つ説明しなさい。
②   「利源別配当方式」、「アセットシェア方式」を簡潔に説明しなさい。
③   あなたの所属会社では、次の２つの生命保険商品を販売している。
・平準払終身医療保険
・一時払養老保険なお、いずれも毎年配当タイプ（毎年の利差配当、死差（危険差）配当、費差配当と消滅時特別配当がある保険契約で、一般に有配当個人保険と呼ばれるもの）であり、利差益、死差（危険差）益および費差益が現時点では継続的に安定して得られている。
以上を踏まえ、公正・衡平な契約者配当のあり方について、アクチュアリーとして所見を述べなさい。なお、解答にあたっては、次の観点を含めること。
Ａ．商品特性の相違を踏まえた契約者配当における考慮
Ｂ．仮に金利が低下傾向にある場合の取扱い
Ｃ．仮に新契約から次の内容で保険料率の改定を行う場合の新旧契約間の調整配当のあり方
ア．平準払終身医療保険で最新実績を踏まえ予定発生率を引き下げイ．一時払養老保険で市場金利の状況に連動して機動的に予定利率を改定
Ｄ．発売後の年数が短い平準払終身医療保険における配当率設定のあり方","【頻出テーマ：公正・衡平な契約者配当｜2019・2024】
★同テーマで毎回書く
- 健全性確保後の財源から還元
- 契約群団の剰余への貢献度と合理的期待を反映
【今回の出題軸】
- 公正・衡平を「単年度利益の均等配分」ではなく、契約群団・個別契約の剰余への貢献度に応じた長期的な還元として捉える。
- 商品特性、基礎率変更、契約年度、将来不確実性を配当率に反映する。
【基礎知識】
- 配当原則は、契約者間の公平性、利益変動への適応性、実務上の簡明性、契約者にとっての理解可能性。
- 利源別配当方式は、利差・死差（危険差）・費差等の利源ごとに剰余と貢献度を把握して配当する方法。
【必答論点】
- 配当は責任準備金・健全性確保後の財源から行い、法令・約款・保険数理に従い、契約者の合理的期待にも配慮する。
- 平準払終身医療保険は、長期の発生率・死亡率・解約率・事業費の不確実性が大きく、若齢時の利益を早期に還元し過ぎない。
- 一時払養老保険は資産との対応が明確で、金利リスク・再投資リスク・満期集中を踏まえ、対応資産の実績を配当に反映する。
- 金利低下局面では、将来利差悪化、再投資利回り低下、既契約の保証コストを将来収支・ストレスで確認し、安定配当と内部留保を両立する。
【差がつく論点】
- 配当を下げないことが公平なのではなく、将来の給付履行と残存契約者の負担を守ることも公平性に含まれる。"
4,生保2,1,所見,2019,問題3（2）,"（２）生命保険会社の収益管理について、以下の①～③の各問に答えなさい。
①   利源枠、純保枠を事業費統制の基準として採用する際のメリット・デメリットについて簡潔に説明しなさい。
②   潜在価値会計（エンベディッド・バリュー（ＥＶ））の概要(意義、考え方、特徴など）について簡潔に説明しなさい。
③   あなたは次のような状況にある生命保険会社のアクチュアリーである。
（所属会社の状況）
・会社設立からの経過年数が短く、平準払終身保険を販売
・生命保険募集人の報酬は販売時に一時に支出する形態
・予定利率は、競合他社動向を踏まえ、標準利率よりも高水準に設定
・保有契約は、継続的に増加し続けているが、販売業績は競合他社動向を受け大きく変動
・現時点では継続的に純損失を計上
このような会社に所属しているアクチュアリーとして、収益管理に際して留意すべき事項を挙げ、所見を述べなさい。なお、解答にあたっては、次の観点を含めること。
Ａ．純損失の考えられる要因および今後の見通し
Ｂ．事業費管理のあり方
Ｃ．所属会社の状況を踏まえた場合の、次の収益管理手法の留意点
ア．基礎利益、利源分析といった現行会計における単年度収支イ．将来収支シミュレーションウ．エンベディッド・バリュー（ＥＶ）とその変動、新契約価値
Ｄ．以上を踏まえた具体的な収益管理手法の提案（留意点とその対処を含む）","【頻出テーマ：会計損益と将来価値の両面管理｜2018・2019・2022・2025】
★同テーマで毎回書く
- 新契約費と責任準備金の先行負担を分解
- 単年度会計・将来収支・EVを併用
【今回の出題軸】
- 成長企業の会計赤字を直ちに不採算と判断せず、新契約費の先行負担、責任準備金積増し、販売量変動を分解する。
- 単年度会計、将来収支、EV・新契約価値を相互補完的に使う。
【基礎知識】
- 利源枠は、各利源から得られる剰余を踏まえて事業費支出可能額を管理する考え方。収益力を反映できるが、他利源依存や短期変動の影響を受けやすい。
- 純保枠は、純保険料収入等を基準に事業費を統制する考え方。簡明で保守的だが、商品・チャネルの収益性や成長投資の効果を反映しにくい。
【必答論点】
- 純損失の主因は、新契約費の一時支出、販売増に伴う責任準備金積増し、標準利率を上回る予定利率による積増負担、設立初期の固定費負担である可能性が高い。
- 保有契約が積み上がれば更新・継続保険料と既契約利益が増え、損益改善が期待できるが、継続率、運用利回り、死亡率、事業費が想定を外れれば回復しない。
- 販売量の変動により新契約費と責任準備金負担が大きく振れるため、固定費・変動費、獲得費・維持費を分け、単位コストと回収期間を管理する。
- 基礎利益・利源分析では、新契約増が費差損や責任準備金関係損を生み、成長と会計利益が逆方向に動く点を調整して読む。
【差がつく論点】
- EVが増えても現金・法定資本が不足すれば成長を続けられないため、価値創出と資本制約を同時に見る。"
5,生保2,1,所見,2020,問題3（1）,"（１）あなたの所属する生命保険会社では、これまで営業職員チャネルを通じて平準払終身保険（円建、有配当、予定利率は加入後一定）を販売していたが、このたび銀行窓販チャネルを通じて市場価格調整（ＭＶＡ）を有する一時払終身保険（米ドル建、無配当、予定利率は加入後一定ではなく一定期間毎に変動）を新たに販売することになった。あなたは職務上、区分経理について判断する立場にあり、当該新商品のための商品区分および資産区分を新設して区分経理を行うことを選択した。かかる状況において、以下の①～③の各問に答えなさい。
① 区分経理の意義について簡潔に説明しなさい。
（３点）
② 当該新商品について区分経理を行うと判断し得る理由を簡潔に説明しなさい。（５点）
③ このような会社に所属しているアクチュアリーとして、区分経理を行うにあたっての留意点を挙げた上で、所見を述べなさい。なお、解答にあたっては、次の論点を含めること。
（１７点）
Ａ．区分ごとの損益の把握方法
Ｂ．全社区分との関係
Ｃ．区分ごとのリスク管理","【頻出テーマ：区分経理・内部補助の遮断｜2020・2022・2025】
★同テーマで毎回書く
- 透明性・公平性・セルフサポートを目的に置く
- 損益配賦・対応資産・全社区分との取引を示す
【今回の出題軸】
- 新商品が既存商品と異なるチャネル・通貨・払方・配当・利率・MVA・資産運用特性を持つため、内部補助を遮断しセルフサポートを確認する。
- 区分を作ること自体ではなく、損益配賦、資産対応、全社区分との取引、リスク管理を一体で設計する。
【必答論点】
- 区分経理の目的は、保険経理の透明性、契約者間の公平性、内部補助の遮断、商品別収益・リスク把握、効率的経営にある。
- 銀行窓販は代理店手数料、教育・募集管理、比較販売、販売集中等の費用・リスクが営業職員チャネルと異なる。
- 米ドル建・一時払・MVA・変動利率型は、為替、金利、信用スプレッド、流動性、動的解約の特性が既存の円建平準払商品と大きく異なる。
- 無配当商品を既存有配当区分と混在させると、有配当契約者の剰余が新商品へ流用される懸念がある。
【差がつく論点】
- MVAがあっても流動性リスクが消えるわけではなく、解約集中時の資産売却可能性と顧客苦情を考える。"
6,生保2,1,所見,2020,問題3（2）,"（２）あなたの所属する生命保険会社では医療保険および死亡保険を販売している。今般、統合的リスク管理の一環として、感染症の世界的流行を想定したシナリオ（パンデミックシナリオ）によるストレステスト（想定される将来の不利益が生じた場合の影響に関する分析）の導入を検討している。シナリオには、感染者数や死亡者数の増加に加えて、金融環境の悪化など他の要素を含めることとしている。かかる状況において、以下の①、②の各問に答えなさい。
① ＶａＲ（バリュー・アット・リスク）によるリスク管理のデメリットを踏まえ、ストレステストの意義・目的について簡潔に説明しなさい。
（６点）
② このような会社に所属しているアクチュアリーとして、パンデミックシナリオによるストレステストを行うにあたっての留意点を挙げた上で、所見を述べなさい。なお、解答にあたっては、経済価値ベースの観点を考慮するとともに、次の論点を含めること。
（１９点）
Ａ．シナリオの設定方法
Ｂ．ストレステストにおける確認項目
Ｃ．パンデミックシナリオにより想定される確認項目への影響
Ｄ．ストレステスト結果の活用方法","【頻出テーマ：ストレステスト・複合リスク｜2018・2020・2022・2025】
★同テーマで毎回書く
- VaRの限界を補完する位置付け
- シナリオ→財務影響→経営対応の順で書く
【今回の出題軸】
- ストレステストをVaRの補完として説明し、極端な事象の「発生メカニズム」と「経営行動」を可視化する。
- 保険リスクだけでなく、市場、信用、流動性、事業継続、新契約・解約行動の複合影響を扱う。
【VaRの限界とストレステストの意義】
- VaRは異なるリスクを共通尺度で集約できるが、過去データが乏しいリスク、分布の裾、危機時の相関変化、具体的な事象の連鎖を十分表しにくい。
- ストレステストは発生確率を厳密に置かず、自社に重大な影響を与える仮想・過去事象を具体化し、損失要因と対応策を検討できる。
【シナリオ設定】
- 過去の感染症、政府・国際機関の罹患想定等を用いるヒストリカルシナリオと、未知の感染症等の仮想シナリオを組み合わせる。
- 死亡率・罹患率だけでなく、株価下落、金利変動、信用スプレッド拡大、為替、解約・失効、新契約減少、事業費増、再保険回収遅延を連動させる。
- 期間、地域、年齢、保障種類、医療制度、治療法、行動制限を自社ポートフォリオに合わせる。
- 景気悪化で解約が増える場合と、保障ニーズ上昇で解約が減りリスク濃縮する場合の双方を検討する。
【確認項目と影響】
- 会計利益、純資産、法定健全性指標、経済価値純資産・ESR相当指標、リスクバッファー、流動性、格付・配当余力を確認する。
- 死亡・医療給付増は当期利益と経済価値純資産を減少させ、長期化すれば将来発生率前提や追加責任準備金にも影響する。
【結果の活用】
- リミット・トリガー、資本バッファー、流動性資産、再保険・ヘッジ、商品・引受方針、コンティンジェンシープランを見直す。
- 短期対応と中長期対応を分け、責任者・発動条件・意思決定手順を事前に定める。
【差がつく論点】
- リスク分散は危機時に崩れ得るため、グループ会社・再保険者・市場の同時ストレスを検証する。"
7,生保2,1,所見,2021,問題3（1）,"（１）
・（２）ともに４枚以内）
。必ず指定枚数以内の解答にとどめること。］各２５点 （計５０点）
（１）責任準備金について、次の①～③の各問に答えなさい。
①   責任準備金の評価における「長期性による特徴」、「基礎率の評価性」について説明しなさい。
（３点）
②   日本の責任準備金制度は、現在、ロック・イン方式となっているが、ロック・イン方式のデメリットを補完する現在の日本の制度について説明しなさい。
（５点）
③   日本において、ロック・フリー方式による責任準備金制度が将来導入されると仮定したときに、導入に向けて生命保険会社のアクチュアリーとして検討すべき事項について所見を述べなさい。なお、解答にあたっては、次の論点を含めること。
（１７点）
Ａ．計算基礎率の設定
Ｂ．資産評価、収益管理
Ｃ．ソルベンシーの管理
※ 解答にあたっては、特定の会計制度（例えば、ＩＦＲＳ第１７号「保険契約」
）で用いられる用語や方式を前提とする必要はなく、一般的な考え方に基づき解答すればよい。","【頻出テーマ：保険負債の評価前提・経済価値｜2018・2021・2022・2024】
★同テーマで毎回書く
- 評価目的と前提更新ルールを明示
- 資産負債の整合・感応度・ガバナンスを示す
【今回の出題軸】
- ロックインとロックフリーの優劣を単純比較せず、会計目的、安定性、経済実態、実行可能性のトレードオフを示す。
- 負債だけでなく、資産評価、収益、配当、資本、開示を同時に再設計する。
【基礎知識】
- 長期契約では将来給付・保険料・事業費を見積もるため、責任準備金は目的に応じた評価額となる。
- 死亡率、発生率、解約率、事業費、割引率には不確実性があり、保守性と最新実態のどちらを重視するかで評価が変わる。
【必答論点】
- ロックフリーでは、経済前提を市場整合的に、非経済前提を最新の自社実績・外部データ・将来トレンドに基づき更新する。
- データ区分、観察期間、補間・補外、選択効果、モデル変更、リスクマージン等のルールとガバナンスを定める。
- 最新実態を反映できる一方、前提変更で負債・損益が大きく変動し、恣意性・比較可能性・計算負荷の課題が生じる。
- 負債を経済価値評価するなら資産も整合的に評価し、ALMの効果と資産負債のミスマッチを貸借対照表に反映する。
【差がつく論点】
- 経済価値の変動を全て業績とみなさず、管理可能な要因と市場要因を分離する。"
8,生保2,1,所見,2021,問題3（2）,"（２）生命保険会社のリスク管理について、次の①、②の各問に答えなさい。
①   リスク管理プロセス（一般に６段階）について簡潔に説明しなさい。なお、解答にあたっては、リスク対応における４つのカテゴリーについて触れること。
（８点）
②   あなたの所属する生命保険会社では、これまで保険期間１年の無配当定期保険のみを販売しており、第三分野の保険を取り扱っていない。今般、新たに保険期間終身の無配当平準払医療保険の販売を開始することとなった。このような会社のリスク管理部門に所属するアクチュアリーとして、リスク管理を行うにあたっての留意点を挙げた上で、所見を述べなさい。なお、解答にあたっては、次の論点を含めること。
（１７点）
Ａ．医療保険の販売開始に伴う会社のリスク特性・リスクプロファイルの変化
Ｂ．Ａ.に対するリスク対応
Ｃ．リスク管理の高度化に向けて検討すべき点","【頻出テーマ：リスク管理プロセスと対応｜2018・2020〜2022・2025】
★同テーマで毎回書く
- 特定→評価→計測→対応→報告
- 回避・受容・軽減・移転を具体策へ落とす
【今回の出題軸】
- 新商品発売を「保険リスクの追加」だけでなく、長期負債・資産運用・流動性・事務・モデル・風評まで含む全社的変化として捉える。
- リスクの特定から報告までのプロセスと、回避・受容・軽減・移転を具体策に落とす。
【リスク管理プロセス】
1. リスクの特定：ボトムアップとトップダウンで潜在・新興リスクを洗い出す。
2. リスク評価・プロファイリング：発生可能性、影響、固有リスク、統制後の残余リスクを評価する。
3. リスク計測：目的に適した指標・モデル・データで定量化し、限界も把握する。
4. リスク対応：回避、受容、軽減、移転・共有をリスク・リターンとアペタイトに基づき選ぶ。
【リスクプロファイルの変化】
- 保険リスク：終身の罹患率・給付率、長寿化、医療技術・公的制度、選択・逆選択、解約率の不確実性が加わる。
- 市場リスク：長期責任準備金と運用資産が増え、金利・信用・再投資リスクが拡大する。
【対応策】
- 保険リスクは完全回避せず、引受基準、商品設計、給付限度、料率、再保険、経験分析、追加責任準備金で軽減・移転する。
- 市場リスクはALM、長期資産、ヘッジ、リミットで管理し、ノウハウ不足なら外部委託も検討する。
【高度化】
- 発売前に新商品リスク評価と承認を行い、商品部門・数理・運用・リスク・事務・法務を横断させる。
- 医療データ基盤、経験率分析、動的解約、将来収支、ストレス、経済価値評価を整備する。
【差がつく論点】
- 新商品で分散効果が得られる可能性はあるが、長期・第三分野リスクが従来の短期死亡保障とは異なるため、相関を安易に低く置かない。"
9,生保2,1,所見,2022,問題3（1）,"（１）利源分析について、次の（ア）～（ウ）の各問に答えなさい。
（計２５点）
（ア）利源分析の意義について簡潔に説明しなさい。（解答の制限字数は１，０００字）（３点）
（イ）金融庁提出用の利源分析の手法（決算状況表の一部として提出する利源分析表の様式・基準）における、両建て科目である「予定利息」・「解約・失効契約の消滅時保険料積立金」について、その内容と役割を簡潔に説明しなさい。
（解答の制限字数は１，０００字）（５点）
（ウ）あなたの所属する生命保険会社では、無解約返戻金型の医療保険（予定解約率を計算基礎率に使用）契約を保有しており、当該医療保険を対象として追加責任準備金を計上している。
あなたは、当該医療保険に対して、利益特性に応じた利源別損益の把握および各利源別損益の要因分析を行うこととした。この際、金融庁提出用の利源分析の手法にとらわれず、内部管理に用いる前提で利源別損益の把握や要因分析を行う場合の留意点および対応策について、アクチュアリーとして所見を述べなさい。なお、解答にあたっては、次の観点を含めること。
（解答の制限字数は３，５００字）
（１７点）
Ａ．当該医療保険の特性を踏まえた利源分析上の取扱い
Ｂ．追加責任準備金の利源分析上の取扱い","【頻出テーマ：利源分析・要因分解｜2019・2022・2023・2025】
★同テーマで毎回書く
- 損益を発生原因に沿って利源別に分解
- 単年度分析を将来収支・EV・施策評価で補完
【今回の出題軸】
- 規制提出用の画一的な利源分析をそのまま使わず、商品特性と管理目的に合わせて再配分・細分化する。
- 予定解約率と追加責任準備金の損益を、発生原因に即して適切な利源へ帰属させる。
【基礎知識】
- 利源分析は、剰余を費差・死差（危険差）・利差・責任準備金関係・価格変動等に分解し、収益構造、基礎率妥当性、経営施策の効果を把握する手法。
- 予定利息は、責任準備金の予定利率による増加分を死差側の収益と利差側の費用に両建てし、保険関係損益と運用損益を分離する。
【当該医療保険の取扱い】
- 死亡保障と疾病給付、入院・手術・診断給付等を必要に応じて分け、発生率・支払単価・選択効果を分析する。
- 予定解約率を使う無解約返戻金型では、解約によって将来給付財源が残存契約へ移る構造がある。予定解約率どおりの準備金解放と実績差を明示的に分ける。
【追加責任準備金の取扱い】
- 発生率悪化に起因する積増・戻入は危険差、低金利・逆ざやに起因する部分は利差、事業費超過は費差、解約前提は解約差に帰属させる考え方が自然。
- 複数前提を同時に用いる負債十分性テストでは、単純な一利源帰属が難しいため、感応度・順序依存性を検討し、管理目的に応じて分解する。
【内部管理への活用】
- 商品別・チャネル別の収益性、料率改定、引受・支払査定、再保険、事業費、資産運用の改善につなげる。
- 単年度利源分析だけでなく、将来収支、EV、ストレスと結合し、長期採算と健全性を確認する。
【差がつく論点】
- 支払査定強化の費用は費差を悪化させても危険差を改善するため、部門別ではなく総合収益で施策評価する。"
10,生保2,1,所見,2022,問題3（2）,"（２）生命保険会社のソルベンシーについて、次の（ア）～（ウ）の各問に答えなさい。
（計２５点）
（ア）ソルベンシー評価の意義について簡潔に説明しなさい。（解答の制限字数は１，０００字）
（４点）
（イ）経済価値ベースでのソルベンシー評価について、現行の国内規制に基づくソルベンシー評価（ソルベンシー・マージン比率）と比較したメリット・デメリットを簡潔に説明しなさい。
（解答の制限字数は１，０００字）
（４点）
（ウ）生命保険会社を取り巻く環境の変化やリスクの多様化が進む今日の状況を踏まえ、ソルベンシー評価指標（現行の国内規制に基づくソルベンシー・マージン比率に限らない）の経営への活用について、アクチュアリーとして所見を述べなさい。なお、解答にあたっては、次の観点を含めること。
（解答の制限字数は３，５００字）（１７点）
Ａ．内部管理目的でのソルベンシー評価のあり方
Ｂ．健全性を確保していくための方策、リスク管理
Ｃ．収益性向上","【頻出テーマ：経済価値ソルベンシー・資本活用｜2018・2021・2022・2024】
★同テーマで毎回書く
- 規制最低基準と内部目標資本を区別
- 商品・ALM・再保険・資本配賦へつなげる
【今回の出題軸】
- 規制最低基準と内部経営管理を区別し、経済価値ベースの資本管理を商品・ALM・収益へ接続する。
- 精緻化の利点と、前提依存性・比較可能性・計算負荷の欠点を均衡して書く。
【意義】
- ソルベンシーは、通常の予測可能な債務を責任準備金で、通常予測を超える損失を自己資本で吸収し、保険金支払と事業継続を確保する財政基盤。
- 契約後も継続的に評価し、悪化前に資本・商品・運用・再保険等の対策を講じる。
【経済価値ベースのメリット】
- 資産・負債を整合的に時価・経済価値評価し、純資産の変動をトータルバランスシートで捉える。
- 金利・株価・信用・保険・解約等の相互作用、ALM・ヘッジ・再保険・個社特性をより直接反映できる。
【デメリット】
- 非経済前提、モデル、依存構造、超長期金利等により結果が大きく変わり、恣意性・モデルリスクがある。
- 期間比較・会社比較が難しく、変動要因分析、感応度、開示、独立検証が不可欠。
【内部管理の設計】
- 規制指標に加え、内部モデル・ストレス・流動性・法定会計資本を併用し、単一指標に依存しない。
- リスクアペタイト、目標資本レンジ、警戒・介入・回復トリガーを取締役会承認の下で設定する。
【健全性確保策】
- ALM、ヘッジ、再保険、商品設計・料率、引受、限度額、資産分散、流動性バッファー、資本調達を組み合わせる。
- 危機時に分散効果・調達手段が弱まることを踏まえ、回復計画・コンティンジェンシープランを整える。
【収益性向上への活用】
- 商品・チャネル・事業単位でリスク調整後収益、資本コスト、新契約価値を比較し、資本配賦・商品戦略を最適化する。
- 高収益でも資本消費が大きい商品、低収益でも分散効果が高い商品を総合評価する。
【差がつく論点】
- 経済価値指標を改善するALMが法定会計指標や流動性を悪化させる場合があるため、複数制約下で意思決定する。"
11,生保2,1,所見,2023,問題3（1）,"（１）生命保険会社における事業費の管理・分析について、次の（ア）～（ウ）の各問に答えなさい。
（計２５点）
（ア）予定事業費枠の意義と役割について、簡潔に説明しなさい。
（解答の制限字数は１，０００字）（４点）
（イ）商品別原価計算の目的および概要について、簡潔に説明しなさい。
（解答の制限字数は１，０００字）
（４点）
（ウ）あなたは次のような状況の生命保険会社のアクチュアリーである。
・会社設立からの経過年数が長く、営業職員を通じた保険販売を中心としている。
・保険料等収入および基礎利益は安定的に成長している。
・基礎利益の主な源泉は死差損益と利差損益であり、費差損益は低位に推移してきた。
・これまでは、事業費予算策定時において、過去の支出実績等をもとに翌年度の事業費支出額を見積り、予定事業費収入の見込額の範囲内となることを確認してきた。
・近年は非対面での営業・サービスの利便性を向上させるためのＩＴシステム投資などが増加しており、費差損益がマイナス（費差損）とならないための対応策を検討している。
また、長らくわが国のインフレ率はゼロ％前後で推移してきたが、足元の経済環境は緩やかなインフレ傾向への転換が見られる状況であるとする。
これらの状況を踏まえ、事業費の管理・分析のあり方についてアクチュアリーとして留意すべき事項を挙げ、所見を述べなさい。なお、解答にあたっては、次の観点を含めること。
（解答の制限字数は３，５００字）
（１７点）
Ａ．事業費および事業費効率を把握する際の一般論
Ｂ．さらなるインフレ率上昇の可能性を踏まえた留意点
Ｃ．経営政策上の留意点","【頻出テーマ：事業費管理・インフレ・投資評価｜2019・2023】
★同テーマで毎回書く
- 固定費・変動費・新契約費・維持費を分解
- 費差だけでなく総合収益と契約者利益で判断
【今回の出題軸】
- 費差損の回避を最終目的にせず、長期的な契約者利益・競争力・総合収益を最大化する事業費管理を論じる。
- IT投資を単年度費用だけで評価せず、投資効果、将来効率、他利源・チャネルへの波及を測る。
【基礎知識】
- 予定事業費枠は、予定事業費収入の範囲を事業費支出の基本的な統制基準とし、付加保険料の十分性・契約者間公平・経営効率を確保する。
- 商品別原価計算は、直接費を直課し、共通費を合理的基準で配賦して商品・チャネル別コストを把握し、価格、商品戦略、業務改善へ活用する。
【事業費把握の一般論】
- 新契約費・維持費、固定費・変動費、直接費・間接費、投資的費用・経常費用を区分する。
- 件数、保険料、保険金額、作業時間等の適切なドライバーで配賦し、基準を継続的に検証する。
【インフレへの対応】
- 人件費、外注費、クラウド、賃料、郵送・医療査定等の費目ごとに感応度・タイムラグを分析する。
- 予算・将来収支・商品原価・事業費前提へ複数インフレシナリオを反映し、予定事業費収入の実質価値低下を確認する。
【IT投資・経営政策】
- 費差損を避けるために必要投資を止めれば、顧客利便性・競争力・継続率・将来コストを悪化させる可能性がある。
- 投資前に売上増、解約抑制、事務削減、リスク低減等のKPIとベースラインを設定し、投資後に実績検証する。
【差がつく論点】
- IT投資効果が複数商品・チャネルに及ぶ場合、配賦だけでなく因果推論や対照群による効果測定を検討する。"
12,生保2,1,所見,2023,問題3（2）,"（２）生命保険会社のＡＬＭ（資産負債管理）について、次の（ア）～（ウ）の各問に答えなさい。
（計２５点）
（ア）生命保険会社のＡＬＭにおいて対象となる市場リスクについて、ＩＡＩＳのＡＬＭ論点書に準拠すると４つのリスクが含まれるが、このうち「金利リスク」以外の３つを列挙し、それぞれ簡潔に説明しなさい。なお、ＡＬＭ論点書においては、市場リスクに「流動性リスク」は含めていない。（解答の制限字数は１，０００字）（３点）
（イ）流動性リスクについて簡潔に説明し、生命保険会社にとって流動性の問題を引き起こす潜在的な要因について列挙しなさい。
（解答の制限字数は１，０００字）
（５点）
（ウ）あなたは、個人向けの貯蓄性商品を主に販売する生命保険会社に所属するアクチュアリーである。長期金利は、これまで低下トレンドが 20 年程度継続したが、経済情勢の変化等により足元では上昇に転じており、今後もさらなる上昇の可能性がある。このとき、ＡＬＭを実施するうえで、アクチュアリーとして留意すべき点を挙げ、所見を述べなさい。なお、解答にあたっては、次の観点を含めること。
（解答の制限字数は３，５００字）（１７点）
Ａ．考慮すべき保険契約者のオプション
Ｂ．今後の資産ポートフォリオ・運用方針
Ｃ．流動性の管理および、継続的なリスク管理の上で留意すべき事項","【頻出テーマ：ALM・流動性・契約者行動｜2020・2023・2025】
★同テーマで毎回書く
- 金利上昇の運用改善と含み損を両面評価
- 動的解約・資産売却・流動性ストレスを確認
【今回の出題軸】
- 金利上昇を運用利回り改善の好機と、債券含み損・大量解約・流動性危機の両面から捉える。
- 契約者行動を負債キャッシュフローのオプションとしてALMに組み込む。
【基礎知識】
- 金利以外の市場リスクは、株式・不動産等の価格リスク、為替リスク、市場リスクに関連する信用リスク。
- 流動性リスクは、必要な時期・金額で資金を調達・資産売却できず、著しい損失または債務不履行に至るリスク。大量解約、巨額給付、市場閉鎖、担保追加、再保険回収遅延等が原因となる。
【契約者オプション】
- 解約・失効、契約者貸付、保険金・年金の受取方法選択、据置・積立配当、予定利率変動型商品の更新等を考慮する。
- 金利上昇時は他商品への乗換えで解約が増え得るが、MVA、解約控除、元本回復期間、税制、顧客属性により感応度が異なる。
【資産ポートフォリオ・運用方針】
- 償還再投資や段階的な債券長期化により利回りを改善し、負債デュレーションとの整合を高める。
- 低利回り債券の売却・入替えは将来収益を改善する一方、売却損、会計区分、税、資本への影響を伴う。
【流動性・継続管理】
- 日次から長期までのキャッシュフロー、解約集中、担保・デリバティブ、資産売却可能額を測り、適正な流動性バッファーを持つ。
- 流動性資産の過大保有は運用機会損失となるため、支払タイムラグとストレスを踏まえ最適水準を定める。
【差がつく論点】
- 経済価値上のALM改善と、法定会計上の含み損・自己資本悪化が同時に起こり得る。"
13,生保2,1,所見,2024,問題3（1）,"（１）契約者（社員）配当について、次の（ア）、（イ）の各問に答えなさい。
（計２５点）
（ア）契約者配当を行う理由を簡潔に説明しなさい。（解答の制限字数は１０００字）
（６点）
（イ）あなたの所属会社では、次の３つの生命保険商品を販売している。
・一時払終身保険
・平準払終身保険
・平準払終身医療保険（無解約返戻金型）
いずれも毎年配当タイプ（毎年の利差配当、死差（危険差）配当、費差配当と消滅時特別配当がある保険契約）であり、利差益、死差（危険差）益、費差益は継続的に安定して得られている。また、平準払終身医療保険（無解約返戻金型）の解約実績は、予定解約率をやや上回り安定的に推移している。
なお、昨今の金利上昇に伴い、平準払終身保険は予定利率の引き上げを近年実施した。
以上を踏まえ、公正・衡平な契約者配当のあり方について、アクチュアリーとして所見を述べなさい。なお、解答にあたっては次の観点を含めること。（解答の制限字数は３５００字）（１９点）
Ａ．商品特性の相違を踏まえた留意点
Ｂ．平準払終身保険について、新旧予定利率契約に対する利差配当水準
Ｃ．キャピタルゲイン還元の考え方・留意点","【頻出テーマ：公正・衡平な契約者配当｜2019・2024】
★同テーマで毎回書く
- 健全性確保後の財源から還元
- 商品特性・新旧契約・キャピタルゲインを区分
【今回の出題軸】
- 配当理由を安全性、経験料率、保険料調整、競争、インフレ等から整理し、公正・衡平と健全性を両立する。
- 商品別・契約年度別の貢献度と、インカム・キャピタルの帰属を長期視点で評価する。
【配当を行う理由】
- 保守的な基礎率で設定した保険料と実績の差を、債務履行・健全性確保後に契約者へ還元する。
- 長期契約では将来経験を完全には予測できないため、事後的に実績料率へ調整する。
【商品特性別の留意点】
- 一時払終身は加入時の市場金利と対応資産が明確で、金利・信用・解約・再投資を契約年度別に評価する。
- 平準払終身は将来保険料を受け入れながら長期保証するため、将来ニューマネー利回りと死亡率・事業費の不確実性がある。
【新旧予定利率契約の利差配当】
- 新契約は高い予定利率を保険料に織り込み、予定利息負担も大きい。旧契約は予定利率が低く利差益が出やすい。
- 新旧の配当水準は、単純な市場金利や保険料差でなく、契約年度別の対応資産利回り、予定利息、将来保険料、再投資、資本負担に基づく。
【キャピタルゲイン還元】
- 通常配当と同様、健全性確保後に個別契約の貢献度に応じて行う。消滅時特別配当による最終精算が考えやすい。
- ネットアセットシェア、契約年度、資産区分、残存契約の健全性、将来の価格下落を確認する。
【差がつく論点】
- 配当率の安定性は重要だが、据置きを自動化せず毎期妥当性を検証する。"
14,生保2,1,所見,2024,問題3（2）,"（２）経済価値ベースの保険負債評価について、次の（ア）～（ウ）の各問に答えなさい。（計２５点）
（ア）経済価値ベースの保険負債評価の概要について、現行の法定会計における責任準備金評価との相違を踏まえて簡潔に説明しなさい。（解答の制限字数は１０００字）
（５点）
（イ）保険負債の評価前提に関し、「死亡率前提の上昇」「解約率前提の上昇」が経済価値ベースの保険負債評価額に与える影響を、逆ざや状態の平準払終身保険契約の評価を題材に、それぞれ簡潔に説明しなさい。（解答の制限字数はそれぞれ３００字）（４点）
（ウ）あなたの会社では、経済価値ベースの保険負債評価を内部管理として経営に活用することを検討している。アクチュアリーとして留意すべき点について、活用目的を踏まえて所見を述べなさい。なお、解答にあたっては次の観点を含めること。
（解答の制限字数は３５００字）
（１６点）
Ａ．経済価値ベースの保険負債評価の意義と留意点
Ｂ．非経済前提（死亡率や解約率等）の設定方法と留意点
Ｃ．前提条件・モデル・評価結果の妥当性向上、関係者の理解促進
※2025 年度末から適用が予定されている「経済価値ベースのソルベンシー規制」については説明する必要はない。","【頻出テーマ：経済価値負債評価・前提変動｜2021・2022・2024】
★同テーマで毎回書く
- 市場整合的な将来キャッシュフローで評価
- 前提感応度・モデル妥当性・関係者理解を確認
【今回の出題軸】
- 経済価値負債を「最新前提による将来キャッシュフローの市場整合的評価」と定義し、前提依存性を管理する。
- 数値算出だけでなく、目的適合性、データ、モデル、検証、ガバナンス、説明を一体で論じる。
【概要と法定責任準備金との相違】
- 非経済前提は最新の最良推定、経済前提は市場整合的に設定し、確率加重した将来キャッシュフローを割り引く。
- オプション・保証の非対称性を確率的に評価し、不確実性に対するリスクマージン等を加える。
【死亡率・解約率上昇の方向】
- 逆ざや平準払終身では、死亡率上昇により高コストな将来保証期間が短くなる効果と死亡保険金の早期支払増が競合する。商品の保険金・責任準備金・将来保険料の関係を見てネット影響を判断する。
- 解約率上昇は、逆ざや契約が早期に消滅して将来損失が減る一方、将来保険料・解約返戻金・解約控除、資産売却の影響がある。したがって方向は商品・経過・解約返戻金水準に依存する。
【内部管理上の意義】
- 保有契約の経済的収益性、ALM、リスク、商品別価値、経営施策の効果を共通尺度で把握できる。
- 一方、評価額は市場・前提・モデルで変動し、確定的な債務額ではない。法定会計、規制、EV等との差をブリッジする。
【非経済前提の設定】
- 商品、年齢、性別、経過、チャネル、引受等の同質群団に区分しつつ、十分なデータ量を確保する。
- 観察期間の短さと最新性、長さと安定性のトレードオフを考え、トレンド、選択効果、異常値を調整する。
【妥当性向上と理解促進】
- 実績対比、バックテスト、感応度、変動要因分析、ベンチマーク、独立検証で前提・モデルを評価する。
- 変更は重要性に応じた承認、影響分析、並行計算を行い、恣意的変更を防ぐ。
【差がつく論点】
- 個々の前提が妥当でも相互組合せが不合理な場合があるため、全体整合性を検証する。"
15,生保2,1,所見,2025,問題3（1）,"（１）次の（ア）～（ウ）の各問に答えなさい。
（計２５点）
あなたは次のような状況にある生命保険会社のアクチュアリーである。
＜所属会社の状況＞
・会社設立からの経過年数が長く、これまで営業職員チャネルを通じて有配当の平準払円建保険（定期保険や終身保険等。以下、「既存商品」）を販売してきた。
・近年、新たにインターネットチャネルを設け、無配当の平準払円建積立保険（以下、「新商品」）を発売した。新商品の予定利率は、他社との競合を考慮し競争的な水準に設定しているが、保険期間を通じて一定である。
・新商品の発売当初に大規模なＷｅｂＣＭを行った結果、多くの新契約を獲得した。
・この新商品の契約者に対し、既存の営業職員チャネルからもアプローチを行い、既存商品の販売拡大にもつなげる計画である。
・この新商品の発売にあたり、区分経理における資産区分・商品区分を新たに設定し、当該商品区分に全社区分から出資を行った。
（ア）一般論としての内部管理会計の意義および必要性について、現行法定会計の特徴と限界に触れつつ、簡潔に説明しなさい。
（解答の制限字数は５００字）
（５点）
（イ）上記新商品が属する商品区分に関し、当該商品発売当初の費差損益および責任準備金関係損益（金融庁提出用の利源分析手法における利源）の状況についてそれぞれ簡潔に説明しなさい。なお、問題文に記載していない事象（金融環境や顧客行動の急激な変化等）を考慮する必要はない。（解答の制限字数はそれぞれ２５０字）（４点）
（ウ）上記新商品の収益管理に際して留意すべき事項を挙げ、アクチュアリーとして所見を述べなさい。なお、解答にあたっては次の観点を含めること。
（解答の制限字数は３０００字）（１６点）
Ａ．上記新商品を区分経理する意義
Ｂ．損益把握上の留意点
Ｃ．チャネル・商品間の相乗効果の評価","【頻出テーマ：内部管理会計・区分経理・利源分析｜2018〜2020・2022・2025】
★同テーマで毎回書く
- 法定損益だけで経営実態を判断しない
- 商品・チャネル別損益と全社区分の関係を明確化
【今回の出題軸】
- 法定会計の初年度損失を構造分解し、新商品の単体採算と既存商品への波及効果を分けて測る。
- 区分経理によるセルフサポートを守りながら、全社区分からの出資とシナジーを公正に評価する。
【内部管理会計の意義】
- 法定会計は契約者保護・健全性を重視し、新契約費の早期認識や責任準備金積立により、成長投資・将来利益・商品別価値が単年度損益に表れにくい。
- 商品・チャネル別収支、将来収支、EV・新契約価値、資本コスト等を用い、経営判断に必要な経済実態を補完する。
【発売初期の利源損益】
- 費差損益：大規模Web広告、募集システム、初期開発費が先行し、予定事業費収入の回収には時間がかかるため、発売初期は費差損となりやすい。
- 責任準備金関係損益：競争的予定利率が標準利率を上回る場合、標準責任準備金と保険料計算基礎による準備金との差の積増負担が生じ、初期は責任準備金関係損となりやすい。
【区分経理の意義】
- 無配当・ネット販売・貯蓄性・高予定利率という特性が既存有配当商品と異なり、契約者間公平と内部補助遮断のため新区分が合理的。
- 広告費、システム費、保全費を直課・合理配賦し、資産運用損益、保険関係損益、責任準備金、資本コストを区分別に把握する。
【全社区分からの出資】
- 発売初期の内部留保不足や運用規模不足を補うが、出資額、対価、返済・配当、上限、損失負担、終了条件を事前に定める。
- 既存有配当契約の剰余を新商品へ不当に移転しないよう、独立した収益性・資本十分性を確認する。
【チャネル・商品間シナジー】
- 新商品の顧客から既存商品の追加契約、新規顧客接点、営業職員フォローによる継続率改善、ブランド・広告の共通効果を候補とする。
- 契約者IDを用いたクロスセル率、増分新契約価値、継続率差、顧客獲得単価、LTV等をKPI化する。
【差がつく論点】
- シナジーがあっても新区分の構造的赤字を無期限に正当化せず、期限付き投資仮説として検証する。"
16,生保2,1,所見,2025,問題3（2）,"（２）ストレステストに関して、次の（ア）、（イ）の各問に答えなさい。
（計２５点）
（ア）生命保険会社が統合的リスク管理の一環として行うストレステストの意義・目的について簡潔に説明しなさい。（解答の制限字数は５００字）
（４点）
（イ）あなたの所属する生命保険会社は、長らく次の３つの生命保険商品を販売している。いずれの商品も毎年一定水準の新契約を獲得しており、保有契約量は概ね定常状態になっている。
・平準払終身医療保険（円貨建）
・一時払終身保険（円貨建・外貨建）
・10 年更新型平準払定期保険（円貨建）
このような会社におけるストレステストの実施に際して留意すべき事項を挙げ、アクチュアリーとして所見を述べなさい。なお、解答にあたっては次の観点を含めること。（解答の制限字数は３５００字）
（２１点）
Ａ．想定される主要リスク（全社的な観点も含めること）
Ｂ．ストレスシナリオの設定
Ｃ．テスト結果の活用方法","【頻出テーマ：ストレステスト・商品別リスク｜2018・2020・2022・2023・2025】
★同テーマで毎回書く
- 商品特性から主要リスクを特定
- 商品別シナリオを全社影響と経営行動へ統合
【今回の出題軸】
- 商品別に異なる主要リスクを特定した後、全社で複合・横断シナリオを設計し、分散効果と集中リスクを評価する。
- テストを数値確認で終わらせず、商品、資本、ALM、リスク管理、回復計画へ反映する。
【意義・目的】
- VaR等の通常計測で捉えにくい極端事象、データ不足、危機時相関、具体的な損失連鎖を可視化する。
- 財務健全性、経済価値、流動性、事業継続への影響を把握し、トリガー・対応策・資本バッファーを検証する。
【主要リスク】
- 終身医療：発生率上昇、長寿化、医療技術・診療報酬、公的制度、解約・リスク濃縮、長期金利・事業費。
- 一時払終身：金利、信用スプレッド、株価、動的解約、MVA有無、再投資、流動性。外貨建では為替、外貨資産、顧客説明も加わる。
- 10年更新定期：死亡率急上昇、大災害・感染症、更新時の料率改定と逆選択・リスク濃縮。
- 全社：株式・不動産、再保険・デリバティブ相手、インフレ事業費、オペレーショナル、サイバー、販売構成変化、モデル・データ、グループ集中。
【シナリオ設定】
- ヒストリカルと仮想、単一要因と複合、短期と長期、クローズドと将来新契約を含むオープンベースを組み合わせる。
- 医療：罹患率・入院・支払単価上昇、長期トレンド、解約増と保障ニーズ上昇によるリスク濃縮。
- 一時払終身：急速な金利上昇と大量解約、低金利継続と再投資悪化、株価下落・スプレッド拡大、為替両方向、資産売却困難。
- 定期：パンデミック、大震災、複合災害、更新後の選択悪化。
【結果の活用】
- 商品戦略：料率、引受、給付、MVA、更新条件、新契約量、再保険、商品構成を見直す。
- 資本政策：財務・規制・経済資本の十分性を確認し、内部留保、増資、劣後債等を検討する。資本コストも考慮する。
【差がつく論点】
- 業務部門が対策しやすい甘いシナリオを選ばないよう、第二線・独立検証が必要。"
